Id, UserName,FirstName,LastName,DisplayName,JobTitle,Department,OfficeNumber,OfficePhone,MobilePhone,Fax,Address,City,StateORProvince,ZIPORPostal Code,CountryORRegion
1, user0123, Ram, Prajapati, Prajapati Ram,Software Development, IT,120425363, 0120-4245363,9873425364,273636, Oxygan Business Park, Noida,UP,201306,India
2, user0124, Pankaj, Singh, Singh Pankaj,Software Development, IT,120425363, 0120-4245363,9873425365,273636, Oxygan Business Park, Noida,UP,201306,India
3, user0125, Sudhanshu, Thankut, Thankut Sudhanshu,Software Development, IT,120425363, 0120-4245366,9873425364,273636, Oxygan Business Park, Noida,UP,201306,India
4, user0126, Payal, Jain, Jain Payal,Software Development, IT,120425363, 0120-4245363,9873425367,273636,Sector 21,Gurugram,Haryana,122016,India
5, user0127, Subham, Rawat, Rawat Subham,Software Development, IT,120425363, 0120-4245363,9873425368,273636,Sector 21,Gurugram,Haryana,122016,India
7, user0128, Pooja, Singh, Singh Pooja,Software Development, IT,120425363, 0120-4245363,9873425369,273636,Sector 21,Gurugram,Haryana,122016,India
8, user0129, Manoj, Verma, Verma Manoj,Software Development, IT,120425363, 0120-4245363,9873425370,273636,Sector 21,Gurugram,Haryana,122016,India
8, user0130, LaxmiBala, Sundaram, Sundaram LaxmiBala,Software Development, IT,120425363, 0120-4245371,9873425364,273636,IT Park,Banglore,Karnataka,560004,India
9, user0131, Pradeep, Yadav, Yadav Pradeep,Software Development, IT,120425363, 0120-4245363,9873425372,273636,IT Park,Banglore,Karnataka,560004,India
10, user0132, Rakesh, Tiwari, Tiwari Rakesh,Software Development, IT,120425363, 0120-4245363,9873425373,273636,IT Park,Banglore,Karnataka,560004,India
